{
  "loss": 0.21381397545337677,
  "accuracy": 0.921875,
  "val_loss": 0.336899071931839,
  "val_accuracy": 0.862500011920929,
  "epoch": 7,
  "global_step": 80
}