{
  "loss": 0.5582442879676819,
  "accuracy": 0.7906249761581421,
  "val_loss": 0.4101545810699463,
  "val_accuracy": 0.800000011920929,
  "epoch": 2,
  "global_step": 30
}